{"stats":{"minecraft:picked_up":{"minecraft:pink_petals":52,"minecraft:netherite_boots":1,"minecraft:bee_nest":1,"minecraft:light_blue_stained_glass":1,"minecraft:netherite_leggings":1,"minecraft:tnt":1,"minecraft:arrow":64,"minecraft:oak_sign":2,"minecraft:slime_ball":17,"minecraft:stone_bricks":4,"minecraft:netherite_helmet":1,"minecraft:bow":1,"minecraft:wheat_seeds":1,"minecraft:netherite_sword":1,"minecraft:cherry_hanging_sign":1,"minecraft:cherry_sapling":1,"minecraft:netherite_axe":1,"minecraft:netherite_chestplate":1,"minecraft:black_wool":1,"minecraft:snowball":1,"minecraft:cobblestone":16},"minecraft:dropped":{"minecraft:light_blue_stained_glass":1,"minecraft:tnt":2,"minecraft:netherite_axe":1,"minecraft:snowball":1,"minecraft:bee_nest":1,"minecraft:stone_bricks":4,"minecraft:slime_ball":17,"minecraft:cherry_hanging_sign":1,"minecraft:oak_sign":1,"minecraft:black_wool":1,"minecraft:flint_and_steel":1},"minecraft:used":{"minecraft:flint_and_steel":10,"minecraft:spruce_wood":4,"minecraft:grass_block":35,"minecraft:oak_sign":2,"minecraft:stone_bricks":337,"minecraft:torch":12,"minecraft:bow":68,"minecraft:tnt":19,"minecraft:light_blue_stained_glass":81,"minecraft:snowball":112},"minecraft:custom":{"minecraft:time_since_rest":98863,"minecraft:sprint_one_cm":120,"minecraft:damage_taken":330,"minecraft:walk_one_cm":66240,"minecraft:mob_kills":33,"minecraft:drop":15,"minecraft:damage_dealt":80,"minecraft:fly_one_cm":270646,"minecraft:crouch_one_cm":1276,"minecraft:play_time":98863,"minecraft:sneak_time":2405,"minecraft:walk_under_water_one_cm":930,"minecraft:jump":209,"minecraft:leave_game":4,"minecraft:walk_on_water_one_cm":37,"minecraft:time_since_death":98863,"minecraft:climb_one_cm":2453,"minecraft:total_world_time":98863,"minecraft:fall_one_cm":3383},"minecraft:killed":{"minecraft:skeleton":3,"minecraft:zombie":2,"minecraft:spider":1,"minecraft:slime":26}},"DataVersion":3955}