{"stats":{"minecraft:used":{"minecraft:oak_fence":4,"minecraft:water_bucket":6,"minecraft:netherite_sword":10,"minecraft:torchflower":1,"minecraft:copper_door":7,"minecraft:snow_block":1,"minecraft:flint_and_steel":1,"minecraft:dispenser":10,"minecraft:redstone":10,"minecraft:jungle_fence":95,"minecraft:ladder":5,"minecraft:oak_sign":3,"minecraft:iron_golem_spawn_egg":3,"minecraft:cherry_planks":301,"minecraft:beacon":1,"minecraft:oak_leaves":106,"minecraft:torch":32,"minecraft:spyglass":6,"minecraft:target":5,"minecraft:comparator":1,"minecraft:tnt":1,"minecraft:white_carpet":1,"minecraft:oak_slab":1,"minecraft:waxed_copper_door":7,"minecraft:spruce_log":332,"minecraft:snowball":105,"minecraft:light_blue_stained_glass":33,"minecraft:oak_log":276,"minecraft:glass":6,"minecraft:stone_brick_slab":13,"minecraft:lever":3,"minecraft:sea_lantern":80,"minecraft:black_concrete":6,"minecraft:bookshelf":2,"minecraft:iron_block":10,"minecraft:lantern":24,"minecraft:grass_block":10,"minecraft:oak_stairs":15,"minecraft:spruce_trapdoor":3,"minecraft:cherry_leaves":2,"minecraft:pink_stained_glass_pane":277,"minecraft:pink_wool":13,"minecraft:stone_brick_stairs":71,"minecraft:stone_bricks":684,"minecraft:blue_carpet":58,"minecraft:jungle_sign":1,"minecraft:vault":1,"minecraft:bow":5,"minecraft:purple_bed":5,"minecraft:bucket":1,"minecraft:stone_pressure_plate":14,"minecraft:stripped_cherry_log":3,"minecraft:coarse_dirt":10,"minecraft:purple_wool":37,"minecraft:splash_potion":1},"minecraft:killed":{"minecraft:spider":1,"minecraft:skeleton":4,"minecraft:zombie":2},"minecraft:picked_up":{"minecraft:pink_petals":166,"minecraft:lantern":1,"minecraft:flint_and_steel":1,"minecraft:bone":4,"minecraft:stone_bricks":1,"minecraft:oak_sign":1,"minecraft:bow":1,"minecraft:wheat_seeds":3,"minecraft:stick":1,"minecraft:torch":5,"minecraft:arrow":4,"minecraft:rotten_flesh":2,"minecraft:cherry_sapling":2,"minecraft:snowball":1},"minecraft:custom":{"minecraft:mob_kills":7,"minecraft:leave_game":5,"minecraft:time_since_death":168394,"minecraft:sleep_in_bed":1,"minecraft:climb_one_cm":3053,"minecraft:time_since_rest":69812,"minecraft:sprint_one_cm":44243,"minecraft:walk_one_cm":206706,"minecraft:drop":13,"minecraft:damage_dealt":1350,"minecraft:fly_one_cm":1008681,"minecraft:open_chest":2,"minecraft:crouch_one_cm":2773,"minecraft:play_time":168394,"minecraft:sneak_time":5604,"minecraft:jump":295,"minecraft:walk_on_water_one_cm":685,"minecraft:total_world_time":168394,"minecraft:inspect_dispenser":11},"minecraft:dropped":{"minecraft:netherite_sword":1,"minecraft:netherite_chestplate":1,"minecraft:netherite_helmet":1,"minecraft:oak_sign":2,"minecraft:golden_apple":1,"minecraft:netherite_leggings":1,"minecraft:torch":1,"minecraft:snowball":1,"minecraft:netherite_boots":1,"minecraft:stone_bricks":1,"minecraft:arrow":64,"minecraft:bow":1}},"DataVersion":3955}